<?xml version="1.0" encoding="utf-8"?>
<extension
	type="module"
	version="3.0.0"
	client="site"
	method="upgrade">
	<name>StarShop Related products</name>
	<author>IRjoomstar</author>
	<creationDate>May 2020</creationDate>
    <copyright>(C) 2012 - 2020 joomstar.ir All rights reserved.</copyright>
    <license>GNU/GPLv3 http://www.gnu.org/licenses/gpl-3.0.html</license>
    <authorEmail>info@joomstar.ir</authorEmail>
    <authorUrl>http://www.joomstar.ir</authorUrl>
	<version>1.0.9</version>
	<files>
		<filename module="mod_jstar_shop_tag">mod_jstar_shop_tag.php</filename>
		<folder>tmpl</folder>
        <folder>assets</folder>
		<filename>index.html</filename>
        <filename>helper.php</filename>
		<filename>mod_jstar_shop_tag.xml</filename>
	</files>
	<languages>
		<language tag="en-GB">en-GB.mod_jstar_shop_tag.ini</language>
		<language tag="fa-IR">fa-IR.mod_jstar_shop_tag.ini</language>
	</languages>
	<updateservers>
		<server type="extension" name="StarShop Related products">https://joomstar.ir/starshop/updates/tag/updates.xml</server>
	</updateservers>	
</extension>
