<?xml version="1.0" encoding="utf-8"?>
<!DOCTYPE install PUBLIC "-//Joomla! 3.8//DTD template 1.0//EN" "http://www.joomla.org/xml/dtd/1.6/template-install.dtd">
<extension version="1.0.1" type="template" client="site">
	<name>joomstar</name>
	<creationDate>02 oct 2018</creationDate>
	<author>joomstar.ir</author>
	<authorEmail>info@joomstar.ir</authorEmail>
	<authorUrl>http://www.joomstar.ir</authorUrl>
	<copyright>Copyright (C) 2005 - 2018 Open Source Matters, Inc. All rights reserved.</copyright>
	<license>GNU General Public License version 2 or later; see LICENSE.txt</license>
	<version>3.8.0</version>
	<description>TPL_JOOMSTAR_XML_DESCRIPTION</description>

	<files>
		<folder>css</folder>
		<folder>images</folder>
		<filename>index.php</filename>
		<filename>index.html</filename>
		<filename>templateDetails.xml</filename>
		<filename>template_thumbnail.png</filename>
	</files>

	<positions>
		<position>mainmenu</position>
		<position>mobile_menu</position>
		<position>bagcart</position>
		<position>usermenu</position>
		<position>search_txt</position>
		<position>login</position>
		<position>slider</position>
		<position>page1_txt1</position>
		<position>page1_txt2</position>
		<position>amazing</position>
		<position>contact_us</position>
		<position>breadcrumbs</position>
		<position>search</position>
		<position>content</position>
		<position>right</position>
		<position>tag</position>
		<position>footer</position>
		<position>compare</position>
		<position>card</position>
		<position>best1</position>
		<position>submenu1</position>
		<position>submenu2</position>
		<position>submenu3</position>
	</positions>
</extension>
