<?xml version="1.0" encoding="utf-8"?>
<extension
	type="module"
	version="3.0.0"
	client="site"
	method="upgrade">
	<name>StarShop Products in homepage</name>
	<author>IRjoomstar</author>
	<creationDate>May 2020</creationDate>
    <copyright>(C) 2012 - 2020 joomstar.ir All rights reserved.</copyright>
    <license>GNU/GPLv3 http://www.gnu.org/licenses/gpl-3.0.html</license>
    <authorEmail>info@joomstar.ir</authorEmail>
    <authorUrl>http://www.joomstar.ir</authorUrl>
	<version>1.0.9</version>
	<files>
		<filename module="mod_jstar_shop_best">mod_jstar_shop_best.php</filename>
		<folder>tmpl</folder>
        <folder>assets</folder>
		<filename>index.html</filename>
        <filename>helper.php</filename>
		<filename>mod_jstar_shop_best.xml</filename>
	</files>
	<config>
		<fields name="params">
			<fieldset name="basic">
				<field
					name="catid"
					type="category"
					label="JCATEGORY"
					description=""
					extension="com_jstar_shop"
					multiple="true"
					filter="int_array"
				/>
			</fieldset>
		</fields>
	</config>
	<updateservers>
		<server type="extension" name="StarShop Products in homepage">https://joomstar.ir/starshop/updates/best/updates.xml</server>
	</updateservers>	
</extension>
