<?xml version="1.0" encoding="utf-8"?>
<extension type="component" version="3.0.0" method="upgrade">
    <name>com_jstar_shop</name>
    <author>IRjoomstar</author>
    <creationDate>May 2020</creationDate>
    <copyright>(C) 2012 - 2020 joomstar.ir All rights reserved.</copyright>
    <license>GNU/GPLv3 http://www.gnu.org/licenses/gpl-3.0.html</license>
    <authorEmail>info@joomstar.ir</authorEmail>
    <authorUrl>http://www.joomstar.ir</authorUrl>
    <version>1.0.9</version>
    <description>E-Commerce software built for simplicity and flexibility</description>

    <install>
        <sql folder="admin">
            <file driver="mysql" charset="utf8">install.sql</file>
        </sql>
    </install>
    <uninstall>
        <sql folder="admin">
            <file driver="mysql" charset="utf8">uninstall.sql</file>
        </sql>
    </uninstall>

    <media destination="com_jstar_shop" folder="media">
        <filename>index.html</filename>
        <folder>css</folder>
        <folder>js</folder>
    </media>

    <files folder="site">
        <folder>controllers</folder>
        <folder>helpers</folder>
        <folder>language</folder>
        <folder>models</folder>
        <folder>views</folder>
        <filename>controller.php</filename>
        <filename>index.html</filename>
        <filename>jstar_shop.php</filename>
        <filename>router.php</filename>
    </files>
    <languages folder="site/language">
        <language tag="fa-IR">fa-IR.com_jstar_shop.ini</language>
        <language tag="en-GB">en-GB.com_jstar_shop.ini</language>
    </languages>


    <administration>
        <languages folder="admin/language">
            <language tag="fa-IR">fa-IR.com_jstar_shop.ini</language>
            <language tag="fa-IR">fa-IR.com_jstar_shop.sys.ini</language>
            <language tag="en-GB">en-GB.com_jstar_shop.ini</language>
            <language tag="en-GB">en-GB.com_jstar_shop.sys.ini</language>
        </languages>
        <menu>COM_JSTAR_SHOP</menu>
        <files folder="admin">
            <folder>controllers</folder>
            <folder>models</folder>
            <folder>tables</folder>
            <folder>views</folder>
            <folder>helpers</folder>
            <folder>language</folder>
            <filename>license.txt</filename>
            <filename>config.xml</filename>
            <filename>access.xml</filename>
            <filename>controller.php</filename>
            <filename>index.html</filename>
            <filename>install.sql</filename>
            <filename>jstar_shop.php</filename>
            <filename>jstar_shop.xml</filename>
            <filename>uninstall.sql</filename>
        </files>
    </administration>
	<updateservers>
		<server type="extension" name="com_jstar_shop">https://joomstar.ir/starshop/updates/component/updates.xml</server>
	</updateservers>
</extension>

