<?xml version="1.0" encoding="utf-8"?>
<extension version="3.1" type="plugin" group="jstar_shop_payments">
	<name>SamplePayment</name>
	<author>IRjoomstar</author>
	<creationDate>May 2020</creationDate>
    <copyright>(C) 2012 - 2020 joomstar.ir All rights reserved.</copyright>
    <license>GNU/GPLv3 http://www.gnu.org/licenses/gpl-3.0.html</license>
    <authorEmail>info@joomstar.ir</authorEmail>
    <authorUrl>http://www.joomstar.ir</authorUrl>
	<version>1.0.9</version>
	<files>
		<filename plugin="SamplePayment">SamplePayment.php</filename>
	</files>
</extension>