<?xml version="1.0" encoding="utf-8"?>
<extension
	type="module"
	version="3.0.0"
	client="site"
	method="upgrade">
	<name>StarShop Amazing</name>
	<author>IRjoomstar</author>
	<creationDate>May 2020</creationDate>
    <copyright>(C) 2012 - 2020 joomstar.ir All rights reserved.</copyright>
    <license>GNU/GPLv3 http://www.gnu.org/licenses/gpl-3.0.html</license>
    <authorEmail>info@joomstar.ir</authorEmail>
    <authorUrl>http://www.joomstar.ir</authorUrl>
	<version>1.0.9</version>
	<files>
		<filename module="mod_jstar_shop_amazing">mod_jstar_shop_amazing.php</filename>
		<folder>tmpl</folder>
        <folder>assets</folder>
		<filename>index.html</filename>
        <filename>helper.php</filename>
		<filename>mod_jstar_shop_amazing.xml</filename>
	</files>
    <languages>
        <language tag="en-GB">en-GB.mod_jstar_shop_amazing.ini</language>
        <language tag="fa-IR">fa-IR.mod_jstar_shop_amazing.ini</language>
    </languages>
	<config>
		<fields name="params">
			<fieldset name="basic">
				<field name="image" directory="" type="media"  label="MOD_JSTAR_SHOP_IMAGE" />
			</fieldset>
		</fields>
	</config>
	<updateservers>
		<server type="extension" name="StarShop Amazing">https://joomstar.ir/starshop/updates/amazing/updates.xml</server>
	</updateservers>	
</extension>
